miRNA,Sequence
hsa-miR-92a-3p, UAUUGCACUUGUCCCGGCCUGU
hsa-miR-155-3p, CUCCUACAUAUUAGCAUUAACA
hsa-miR-21-3p, CAACACCAGUCGAUGGGCUGU
hsa-miR-543, AAACAUUCGCGGUGCACUUCUU
hsa-miR-27a-3p, UUCACAGUGGCUAAGUUCCGC
hsa-miR-200a-3p, UAACACUGUCUGGUAACGAUGU
hsa-miR-20b-5p, CAAAGUGCUCAUAGUGCAGGUAG
hsa-miR-9-5p, UCUUUGGUUAUCUAGCUGUAUGA
hsa-miR-183-5p, UAUGGCACUGGUAGAAUUCACU
hsa-miR-223-3p, UGUCAGUUUGUCAAAUACCCCA
hsa-miR-200b-3p, UAAUACUGCCUGGUAAUGAUGA
hsa-miR-124-3p, UAAGGCACGCGGUGAAUGCCAA
hsa-miR-126-5p, CAUUAUUACUUUUGGUACGCG
hsa-miR-148a-3p, UCAGUGCACUACAGAACUUUGU
hsa-miR-26a-5p, UUCAAGUAAUCCAGGAUAGGCU
hsa-miR-195-3p, CCAAUAUUGGCUGUGCUGCUCC
hsa-miR-133b, UUUGGUCCCCUUCAACCAGCUA
hsa-miR-143-5p, GGUGCAGUGCUGCAUCUCUGGU
hsa-miR-125b-5p, UCCCUGAGACCCUAACUUGUGA
