Association,M,Sequence
1,hsa-miR-100-5p, AACCCGUAGAUCCGAACUUGUG
1,hsa-miR-133a-3p, UUUGGUCCCCUUCAACCAGCUG
1,hsa-miR-151a-3p, CUAGACUGAAGCUCCUUGAGG
1,hsa-miR-196a-5p, UAGGUAGUUUCAUGUUGUUGGG
1,hsa-miR-196a-1-3p, CAACAACAUUAAACCACCCGA
1,hsa-miR-196a-3p, CGGCAACAAGAAACUGCCUGAG
1,hsa-miR-199a-3p, ACAGUAGUCUGCACAUUGGUUA
1,hsa-miR-199a-5p, CCCAGUGUUCAGACUACCUGUUC
1,hsa-miR-382-5p, GAAGUUGUUCGUGGUGGAUUCG
1,hsa-miR-1-3p, UGGAAUGUAAAGAAGUAUGUAU
1,hsa-miR-1-5p, ACAUACUUCUUUAUAUGCCCAU
1,hsa-miR-101-3p, UACAGUACUGUGAUAACUGAA
1,hsa-miR-138-5p, AGCUGGUGUUGUGAAUCAGGCCG
1,hsa-miR-138-2-3p, GCUAUUUCACGACACCAGGGUU
1,hsa-miR-138-1-3p, GCUACUUCACAACACCAGGGCC
1,hsa-miR-148a-3p, UCAGUGCACUACAGAACUUUGU
1,hsa-miR-205-5p, UCCUUCAUUCCACCGGAGUCUG
1,hsa-miR-21-5p, UAGCUUAUCAGACUGAUGUUGA
1,hsa-miR-214-3p, ACAGCAGGCACAGACAGGCAGU
1,hsa-miR-218-5p, UUGUGCUUGAUCUAACCAUGU
1,hsa-miR-218-1-3p, AUGGUUCCGUCAAGCACCAUGG
1,hsa-miR-218-2-3p, CAUGGUUCUGUCAAGCACCGCG
1,hsa-miR-28-3p, CACUAGAUUGUGAGCUCCUGGA
1,hsa-miR-302b-3p, UAAGUGCUUCCAUGUUUUAGUAG
1,hsa-miR-302c-3p, UAAGUGCUUCCAUGUUUCAGUGG
1,hsa-miR-302d-3p, UAAGUGCUUCCAUGUUUGAGUGU
1,hsa-miR-365a-5p, AGGGACUUUUGGGGGCAGAUGUG
1,hsa-miR-365a-3p, UAAUGCCCCUAAAAAUCCUUAU
1,hsa-miR-365b-5p, AGGGACUUUCAGGGGCAGCUGU
1,hsa-miR-486, AGAGGCUGGCCGUGAUGAAUUC
1,hsa-miR-513a-5p, UUCACAGGGAGGUGUCAU
1,hsa-miR-513a-3p, UAAAUUUCACCUUUCUGAGAAGG
1,hsa-miR-513b-5p, UUCACAAGGAGGUGUCAUUUAU
1,hsa-miR-513b-3p, AAAUGUCACCUUUUUGAGAGGA
1,hsa-miR-513c-5p, UUCUCAAGGAGGUGUCGUUUAU
1,hsa-miR-556-3p, AUAUUACCAUUAGCUCAUCUUU
1,hsa-miR-574-3p, CACGCUCAUGCACACACCCACA
1,hsa-miR-646, AAGCAGCUGCCUCUGAGGC
1,hsa-miR-93-5p, CAAAGUGCUGUUCGUGCAGGUAG
1,hsa-miR-942, AAGGCAGGGCCCCCGCUCCCC
1,hsa-miR-4286, ACCCCACUCCUGGUACC
1,hsa-miR-451a, AAACCGUUACCAUUACUGAGUU
1,hsa-miR-451b, UAGCAAGAGAACCAUUACCAUU
1,hsa-let-7a-5p, UGAGGUAGUAGGUUGUAUAGUU
1,hsa-let-7a-3p, CUAUACAAUCUACUGUCUUUC
1,hsa-let-7a-2-3p, CUGUACAGCCUCCUAGCUUUCC
1,hsa-miR-107, AGCAGCAUUGUACAGGGCUAUCA
1,hsa-miR-10b-3p, ACAGAUUCGAUUCUAGGGGAAU
1,hsa-miR-1179, AAGCAUUCUUUCAUUGGUUGG
1,hsa-miR-124-3p, UAAGGCACGCGGUGAAUGCCAA
1,hsa-miR-125b-5p, UCCCUGAGACCCUAACUUGUGA
1,hsa-miR-129-5p, CUUUUUGCGGUCUGGGCUUGC
1,hsa-miR-129-1-3p, AAGCCCUUACCCCAAAAAGUAU
1,hsa-miR-129-2-3p, AAGCCCUUACCCCAAAAAGCAU
1,hsa-miR-1290, UGGAUUUUUGGAUCAGGGA
1,hsa-miR-1294, UGUGAGGUUGGCAUUGUUGUCU
1,hsa-miR-133b, UUUGGUCCCCUUCAACCAGCUA
1,hsa-miR-141-3p, UAACACUGUCUGGUAAAGAUGG
1,hsa-miR-143-3p, UGAGAUGAAGCACUGUAGCUC
1,hsa-miR-145-5p, GUCCAGUUUUCCCAGGAAUCCCU
1,hsa-miR-1470, GCCCUCCGCCCGUGCACCCCG
1,hsa-miR-150-3p, CUGGUACAGGCCUGGGGGACAG
1,hsa-miR-150-5p, UCUCCCAACCCUUGUACCAGUG
1,hsa-miR-153-3p, UUGCAUAGUCACAAAAGUGAUC
1,hsa-miR-153-5p, UCAUUUUUGUGAUGUUGCAGCU
1,hsa-miR-16-5p, UAGCAGCACGUAAAUAUUGGCG
1,hsa-miR-16-1-3p, CCAGUAUUAACUGUGCUGCUGA
1,hsa-miR-16-2-3p, CCAAUAUUACUGUGCUGCUUUA
1,hsa-miR-192-5p, CUGACCUAUGAAUUGACAGCC
1,hsa-miR-193a-3p, AACUGGCCUACAAAGUCCCAGU
1,hsa-miR-194-5p, UGUAACAGCAACUCCAUGUGGA
1,hsa-miR-194-3p, CCAGUGGGGCUGCUGUUAUCUG
1,hsa-miR-19b-1-5p, AGUUUUGCAGGUUUGCAUCCAGC
1,hsa-miR-19b-3p, UGUGCAAAUCCAUGCAAAACUGA
1,hsa-miR-19b-2-5p, AGUUUUGCAGGUUUGCAUUUCA
1,hsa-miR-208a-5p, GAGCUUUUGGCCCGGGUUAUAC
1,hsa-miR-208a-3p, AUAAGACGAGCAAAAAGCUUGU
1,hsa-miR-208b-5p, AAGCUUUUUGCUCGAAUUAUGU
1,hsa-miR-208b-3p, AUAAGACGAACAAAAGGUUUGU
1,hsa-miR-20b-5p, CAAAGUGCUCAUAGUGCAGGUAG
1,hsa-miR-223-3p, UGUCAGUUUGUCAAAUACCCCA
1,hsa-miR-26a-5p, UUCAAGUAAUCCAGGAUAGGCU
1,hsa-miR-26a-1-3p, CCUAUUCUUGGUUACUUGCACG
1,hsa-miR-26a-2-3p, CCUAUUCUUGAUUACUUGUUUC
1,hsa-miR-27a-3p, UUCACAGUGGCUAAGUUCCGC
1,hsa-miR-296-5p, AGGGCCCCCCCUCAAUCCUGU
1,hsa-miR-29b-1-5p, GCUGGUUUCAUAUGGUGGUUUAGA
1,hsa-miR-29b-3p, UAGCACCAUUUGAAAUCAGUGUU
1,hsa-miR-29b-2-5p, CUGGUUUCACAUGGUGGCUUAG
1,hsa-miR-30a-5p, UGUAAACAUCCUCGACUGGAAG
1,hsa-miR-30c-5p, UGUAAACAUCCUACACUCUCAGC
1,hsa-miR-30c-2-3p, CUGGGAGAAGGCUGUUUACUCU
1,hsa-miR-30c-1-3p, CUGGGAGAGGGUUGUUUACUCC
1,hsa-miR-328, CCUCUGGGCCCUUCCUCCAG
1,hsa-miR-330-3p, GCAAAGCACACGGCCUGCAGAGA
1,hsa-miR-338-5p, AACAAUAUCCUGGUGCUGAGUG
1,hsa-miR-33b, GUGCAUUGUAGUUGCAUUGCA
1,hsa-miR-371a-5p, ACUCAAACUGUGGGGGCACU
1,hsa-miR-371a-3p, AAGUGCCGCCAUCUUUUGAGUGU
1,hsa-miR-371b-3p, AAGUGCCCCCACAGUUUGAGUGC
1,hsa-miR-371b-5p, ACUCAAAAGAUGGCGGCACUUU
1,hsa-miR-373-3p, GAAGUGCUUCGAUUUUGGGGUGU
1,hsa-miR-384, AUUCCUAGAAAUUGUUCAUA
1,hsa-miR-424-5p, CAGCAGCAAUUCAUGUUUUGAA
1,hsa-miR-432-3p, CUGGAUGGCUCCUCCAUGUCU
1,hsa-miR-455-3p, GCAGUCCAUGGGCAUAUACAC
1,hsa-miR-455-5p, UAUGUGCCUUUGGACUACAUCG
1,hsa-miR-483-3p, UCACUCCUCUCCUCCCGUCUU
1,hsa-miR-486-5p, UCCUGUACUGAGCUGCCCCGAG
1,hsa-miR-491, UUGAAAGGCUAUUUCUUGGUC
1,hsa-miR-516b-5p, AUCUGGAGGUAAGAAGCACUUU
1,hsa-miR-516b-3p, UGCUUCCUUUCAGAGGGU
1,hsa-miR-518b, CAAAGCGCUCCCCUUUAGAGGU
1,hsa-miR-548k, AAAAGUACUUGCGGAUUUUGCU
1,hsa-miR-601, UGGUCUAGGAUUGUUGGAGGAG
1,hsa-miR-613, AGGAAUGUUCCUUCUUUGCC
1,hsa-miR-622, ACAGUCUGCUGAGGUUGGAGC
1,hsa-miR-630, AGUAUUCUGUACCAGGGAAGGU
1,hsa-miR-638, AGGGAUCGCGGGCGGGUGGCGGCCU
1,hsa-miR-644a, AGUGUGGCUUUCUUAGAGC
1,hsa-miR-6775-3p, AGGCCCUGUCCUCUGCCCCAG
1,hsa-miR-718, CUUCCGCCCCGCCGGGCGUCG
1,hsa-miR-765, UGGAGGAGAAGGAAGGUGAUG
1,hsa-miR-9-5p, UCUUUGGUUAUCUAGCUGUAUGA
1,hsa-miR-9-3p, AUAAAGCUAGAUAACCGAAAGU
1,hsa-miR-92a-1-5p, AGGUUGGGAUCGGUUGCAAUGCU
1,hsa-miR-92a-3p, UAUUGCACUUGUCCCGGCCUGU
1,hsa-miR-92a-2-5p, GGGUGGGGAUUUGUUGCAUUAC
0,hsa-miR-28-5p, AAGGAGCUCACAGUCUAUUGAG
0,hsa-miR-3162-3p, UCCCUACCCCUCCACUCCCCA
0,hsa-miR-409-5p, AGGUUACCCGAGCAACUUUGCAU
0,hsa-miR-337-3p, CUCCUAUAUGAUGCCUUUCUUC
0,hsa-miR-210-3p, CUGUGCGUGUGACAGCGGCUGA
0,hsa-miR-1303, UUUAGAGACGGGGUCUUGCUCU
0,hsa-miR-663a, AGGCGGGGCGCCGCGGGACCGC
0,hsa-miR-514b-3p, AUUGACACCUCUGUGAGUGGA
0,hsa-miR-510-5p, UACUCAGGAGAGUGGCAAUCAC
0,hsa-miR-3691-5p, AGUGGAUGAUGGAGACUCGGUAC
0,hsa-miR-654-3p, UAUGUCUGCUGACCAUCACCUU
0,hsa-miR-766-3p, ACUCCAGCCCCACAGCCUCAGC
0,hsa-miR-3936, UAAGGGGUGUAUGGCAGAUGCA
0,hsa-miR-320c, AAAAGCUGGGUUGAGAGGGU
0,hsa-miR-1323, UCAAAACUGAGGGGCAUUUUCU
0,hsa-miR-15a-5p, UAGCAGCACAUAAUGGUUUGUG
0,hsa-miR-23b-3p, AUCACAUUGCCAGGGAUUACCAC
0,hsa-miR-423-5p, UGAGGGGCAGAGAGCGAGACUUU
0,hsa-miR-4787-5p, GCGGGGGUGGCGGCGGCAUCCC
0,hsa-miR-4524a-3p, UGAGACAGGCUUAUGCUGCUAU
0,hsa-miR-3190-3p, UGUGGAAGGUAGACGGCCAGAGA
0,hsa-miR-3144-5p, AGGGGACCAAAGAGAUAUAUAG
0,hsa-miR-661, UGCCUGGGUCUCUGGCCUGCGCGU
0,hsa-miR-589-5p, UGAGAACCACGUCUGCUCUGAG
0,hsa-miR-411-3p, UAUGUAACACGGUCCACUAACC
0,hsa-miR-589-3p, UCAGAACAAAUGCCGGUUCCCAGA
0,hsa-miR-203a-3p, GUGAAAUGUUUAGGACCACUAG
0,hsa-miR-340-5p, UUAUAAAGCAAUGAGACUGAUU
0,hsa-miR-219a-5p, UGAUUGUCCAAACGCAAUUCU
0,hsa-miR-3129-5p, GCAGUAGUGUAGAGAUUGGUUU
0,hsa-miR-1247-5p, ACCCGUCCCGUUCGUCCCCGGA
0,hsa-miR-1972, UCAGGCCAGGCACAGUGGCUCA
0,hsa-let-7f-5p, UGAGGUAGUAGAUUGUAUAGUU
0,hsa-miR-200b-3p, UAAUACUGCCUGGUAAUGAUGA
0,hsa-miR-1249-3p, ACGCCCUUCCCCCCCUUCUUCA
0,hsa-miR-380-3p, UAUGUAAUAUGGUCCACAUCUU
0,hsa-miR-556-5p, GAUGAGCUCAUUGUAAUAUGAG
0,hsa-miR-34a-5p, UGGCAGUGUCUUAGCUGGUUGU
0,hsa-miR-328-3p, CUGGCCCUCUCUGCCCUUCCGU
0,hsa-miR-20a-3p, ACUGCAUUAUGAGCACUUAAAG
0,hsa-miR-633, CUAAUAGUAUCUACCACAAUAAA
0,hsa-miR-5571-5p, CAAUUCUCAAAGGAGCCUCCC
0,hsa-miR-148b-3p, UCAGUGCAUCACAGAACUUUGU
0,hsa-miR-17-5p, CAAAGUGCUUACAGUGCAGGUAG
0,hsa-miR-598-3p, UACGUCAUCGUUGUCAUCGUCA
0,hsa-miR-490-5p, CCAUGGAUCUCCAGGUGGGU
0,hsa-miR-766-5p, AGGAGGAAUUGGUGCUGGUCUU
0,hsa-miR-3136-5p, CUGACUGAAUAGGUAGGGUCAUU
0,hsa-miR-128-3p, UCACAGUGAACCGGUCUCUUU
0,hsa-miR-198, GGUCCAGAGGGGAGAUAGGUUC
0,hsa-miR-105-3p, ACGGAUGUUUGAGCAUGUGCUA
0,hsa-miR-4662a-5p, UUAGCCAAUUGUCCAUCUUUAG
0,hsa-miR-548d-5p, AAAAGUAAUUGUGGUUUUUGCC
0,hsa-miR-200a-5p, CAUCUUACCGGACAGUGCUGGA
0,hsa-miR-378d, ACUGGACUUGGAGUCAGAAA
0,hsa-miR-625-3p, GACUAUAGAACUUUCCCCCUCA
0,hsa-miR-30a-3p, CUUUCAGUCGGAUGUUUGCAGC
0,hsa-miR-134-5p, UGUGACUGGUUGACCAGAGGGG
0,hsa-miR-568, AUGUAUAAAUGUAUACACAC
0,hsa-miR-548j-5p, AAAAGUAAUUGCGGUCUUUGGU
0,hsa-miR-3127-5p, AUCAGGGCUUGUGGAAUGGGAAG
0,hsa-miR-374b-3p, CUUAGCAGGUUGUAUUAUCAUU
0,hsa-miR-548ac, CAAAAACCGGCAAUUACUUUUG
0,hsa-miR-409-3p, GAAUGUUGCUCGGUGAACCCCU
0,hsa-miR-132-3p, UAACAGUCUACAGCCAUGGUCG
0,hsa-miR-561-5p, AUCAAGGAUCUUAAACUUUGCC
0,hsa-miR-544a, AUUCUGCAUUUUUAGCAAGUUC
0,hsa-miR-519b-3p, AAAGUGCAUCCUUUUAGAGGUU
0,hsa-miR-450a-1-3p, AUUGGGAACAUUUUGCAUGUAU
0,hsa-miR-545-5p, UCAGUAAAUGUUUAUUAGAUGA
0,hsa-miR-450b-5p, UUUUGCAAUAUGUUCCUGAAUA
0,hsa-miR-301a-3p, CAGUGCAAUAGUAUUGUCAAAGC
0,hsa-miR-181c-5p, AACAUUCAACCUGUCGGUGAGU
0,hsa-miR-548h-3p, CAAAAACCGCAAUUACUUUUGCA
0,hsa-miR-619-5p, GCUGGGAUUACAGGCAUGAGCC
0,hsa-miR-3154, CAGAAGGGGAGUUGGGAGCAGA
0,hsa-miR-3162-5p, UUAGGGAGUAGAAGGGUGGGGAG
0,hsa-miR-1266-5p, CCUCAGGGCUGUAGAACAGGGCU
0,hsa-miR-487b-3p, AAUCGUACAGGGUCAUCCACUU
0,hsa-miR-3613-3p, ACAAAAAAAAAAGCCCAACCCUUC
0,hsa-miR-181c-3p, AACCAUCGACCGUUGAGUGGAC
0,hsa-miR-378a-3p, ACUGGACUUGGAGUCAGAAGGC
0,hsa-miR-3151-5p, GGUGGGGCAAUGGGAUCAGGU
0,hsa-let-7g-5p, UGAGGUAGUAGUUUGUACAGUU
0,hsa-miR-1224-5p, GUGAGGACUCGGGAGGUGG
0,hsa-miR-151a-5p, UCGAGGAGCUCACAGUCUAGU
0,hsa-miR-2355-5p, AUCCCCAGAUACAAUGGACAA
0,hsa-miR-548c-5p, AAAAGUAAUUGCGGUUUUUGCC
0,hsa-miR-676-3p, CUGUCCUAAGGUUGUUGAGUU
0,hsa-miR-514b-5p, UUCUCAAGAGGGAGGCAAUCAU
0,hsa-miR-345-5p, GCUGACUCCUAGUCCAGGGCUC
0,hsa-miR-3177-3p, UGCACGGCACUGGGGACACGU
0,hsa-miR-3140-3p, AGCUUUUGGGAAUUCAGGUAGU
0,hsa-miR-628-3p, UCUAGUAAGAGUGGCAGUCGA
0,hsa-miR-671-3p, UCCGGUUCUCAGGGCUCCACC
0,hsa-miR-363-3p, AAUUGCACGGUAUCCAUCUGUA
0,hsa-miR-1268a, CGGGCGUGGUGGUGGGGG
0,hsa-miR-145-3p, GGAUUCCUGGAAAUACUGUUCU
0,hsa-miR-369-3p, AAUAAUACAUGGUUGAUCUUU
0,hsa-miR-126-3p, UCGUACCGUGAGUAAUAAUGCG
0,hsa-miR-5010-5p, AGGGGGAUGGCAGAGCAAAAUU
0,hsa-miR-30b-5p, UGUAAACAUCCUACACUCAGCU
0,hsa-miR-1270, CUGGAGAUAUGGAAGAGCUGUGU
0,hsa-miR-6515-5p, UUGGAGGGUGUGGAAGACAUC
0,hsa-miR-3121-3p, UAAAUAGAGUAGGCAAAGGACA
0,hsa-miR-500b-5p, AAUCCUUGCUACCUGGGU
0,hsa-miR-197-3p, UUCACCACCUUCUCCACCCAGC
0,hsa-miR-1291, UGGCCCUGACUGAAGACCAGCAGU
0,hsa-miR-30e-3p, CUUUCAGUCGGAUGUUUACAGC
0,hsa-miR-383-5p, AGAUCAGAAGGUGAUUGUGGCU
0,hsa-miR-432-5p, UCUUGGAGUAGGUCAUUGGGUGG
0,hsa-miR-127-5p, CUGAAGCUCAGAGGGCUCUGAU
0,hsa-miR-542-5p, UCGGGGAUCAUCAUGUCACGAGA
0,hsa-miR-374b-5p, AUAUAAUACAACCUGCUAAGUG
0,hsa-miR-449b-5p, AGGCAGUGUAUUGUUAGCUGGC
0,hsa-miR-212-3p, UAACAGUCUCCAGUCACGGCC
0,hsa-miR-3183, GCCUCUCUCGGAGUCGCUCGGA
0,hsa-miR-1468-5p, CUCCGUUUGCCUGUUUCGCUG
0,hsa-miR-522-5p, CUCUAGAGGGAAGCGCUUUCUG
0,hsa-miR-99a-3p, CAAGCUCGCUUCUAUGGGUCUG
0,hsa-miR-573, CUGAAGUGAUGUGUAACUGAUCAG
0,hsa-miR-331-3p, GCCCCUGGGCCUAUCCUAGAA
0,hsa-miR-27a-5p, AGGGCUUAGCUGCUUGUGAGCA
0,hsa-miR-320b, AAAAGCUGGGUUGAGAGGGCAA
0,hsa-miR-433-3p, AUCAUGAUGGGCUCCUCGGUGU
0,hsa-miR-372-3p, AAAGUGCUGCGACAUUUGAGCGU
0,hsa-miR-1307-5p, UCGACCGGACCUCGACCGGCU
0,hsa-miR-1306-3p, ACGUUGGCUCUGGUGGUG
